<?xml version="1.0"?>
<template
    format="5"
    revision="3"
    name="App Intro"
    description="Creates a new Application Introduction class with AppIntro library. "
    minApi="4">

    <category value="App Intro" />
    <dependency name="android-support-v4" revision="10" />

    <parameter
        id="className"
        name="Class Name"
        type="string"
        constraints="class|unique|nonempty"
        default="IntroActivity"
        help="The name of the class to create, e.g. 'IntroActivity'" />

    <parameter
        id="mainActivityName"
        name="MainActivity Name"
        type="string"
        constraints="unique|nonempty"
        default="MainActivity"
        help="The name of your new main activity, e.g. 'MainActivity'" />

    <parameter
        id="layoutType"
        name="Layout Type"
        type="enum"
        default="type1">
        <option id="type1" default="true">Type 1</option>
        <option id="type2">Type 2</option>
    </parameter>

    <parameter
        id="useDefaultSlide"
        name="Use default slides provided by AppIntro"
        type="boolean"
        default="true"
        help="If true, the default slide will be used" />

    <parameter
        id="nbSlides"
        name="Number of slides"
        type="enum"
        default="3">
        <option id="1">1</option>
        <option id="2">2</option>
        <option id="3" default="true">3</option>
        <option id="4">4</option>
        <option id="5">5</option>
        <option id="6">6</option>
        <option id="7">7</option>
        <option id="8">8</option>
    </parameter>

    <parameter
        id="showSkipButton"
        name="Show the skip button in the slides"
        type="boolean"
        default="true"
        help="If true, the skip button will appear" />
    <parameter
        id="showDoneButton"
        name="Show the done button in the slides"
        type="boolean"
        default="true"
        help="If true, the done button will appear" />

    <globals file="globals.xml.ftl" />
    <execute file="recipe.xml.ftl" />

    <thumbs>
        <thumb>template_app_intro_1.png</thumb>
        <thumb layoutType="type1">template_app_intro_1.png</thumb>
        <thumb layoutType="type2">template_app_intro_2.png</thumb>
    </thumbs>

</template>
